Month,AvgSales,AvgCustomers
2015-01,5838.1290322580644,616.9354838709678
2015-02,5710.3214285714284,629.28571428571445
2015-03,5861.1935483870966,631.7741935483873
2015-04,4618.0666666666675,501.13333333333333
2015-05,3721.5161290322576,414.35483870967738
2015-06,4268.0,463.86666666666667
2015-07,4206.1290322580635,437.16129032258067